Method,Iterations,Sparse Time,Compressed Time
Jacobi,8.0,0.00012412071228027344,0.012096357345581055
GS,5.8,0.019257593154907226,0.009992885589599609
SGS,4.0,0.025786781311035158,0.011601924896240234
