Method,Iterations,Spectral Radius,G Norm,Time to Converge
Jacobi,34.6,0.6411328099556962,2.154566223685152,0.0004634857177734375
GS,57.8,0.7745966692414833,2.576337081032302,0.0008244037628173829
SGS,18.8,0.1892520185641683,0.500994065165091,0.0005125045776367187
