Method,Iterations,Spectral Radius,G Norm,Time to Converge
Jacobi,104.0,0.8756,1.54524,0.0011
GS,51.8,0.76667,0.88819,0.00082
SGS,45.2,0.99435,1.00352,0.00084
