Method,Iterations,Spectral Radius,G Norm,Time to Converge
Jacobi,1000.0,1.2296433838838932,3.2585357993361925,0.015236330032348634
GS,12.4,0.2500000000000001,2.280655363900668,0.00028238296508789065
SGS,12.4,0.5208333333333333,1.209500155022727,0.0003590106964111328
