Method,Iterations,Sparse Time,Compressed Time
Jacobi,10.2,0.00016717910766601564,0.0030348777770996095
GS,6.0,0.003492450714111328,0.002054786682128906
SGS,5.6,0.006558036804199219,0.0035863399505615236
