Method,Iterations,Spectral Radius,G Norm,Time to Converge
Jacobi,104.0,0.8755950357709136,1.5452435981999013,0.0010419845581054687
GS,51.8,0.7666666666666666,0.8881941729649485,0.0006805896759033203
SGS,45.2,0.9943497383016474,1.0035205005687369,0.0009348392486572266
