Method,Iterations,Sparse Time,Compressed Time
Jacobi,9.0,0.0001125335693359375,0.0007328510284423829
GS,6.2,0.0009328842163085938,0.000537252426147461
SGS,4.6,0.0015647411346435547,0.0009161949157714844
