Method,Iterations,Sparse Time,Compressed Time
Jacobi,9.2,0.00014090538024902344,0.001582193374633789
GS,6.0,0.0021200180053710938,0.0011828422546386718
SGS,4.6,0.003027009963989258,0.001539134979248047
