Method,Iterations,Spectral Radius,G Norm,Time to Converge
Jacobi,164.4,0.9219544457292885,1.36106575888162,0.0015702247619628906
GS,85.0,0.85,0.9407443861113389,0.001296854019165039
SGS,77.0,1.1823130043013756,1.1972520620153468,0.0015238285064697265
