Method,Iterations,Spectral Radius,G Norm,Time to Converge
Jacobi,169.4,0.923879532511287,1.7320508075688772,0.001855611801147461
GS,82.0,0.853553390593274,1.4043607100407822,0.0031036376953125
SGS,50.2,0.7423944666937254,0.990748525914403,0.0031824588775634767
