Method,Iterations,Sparse Time,Compressed Time
Jacobi,7.0,0.0001442432403564453,0.003031301498413086
GS,5.0,0.004521369934082031,0.0021163463592529298
SGS,4.0,0.006444168090820312,0.0028206348419189454
