Matrix,Iterations,Spectral Radius,G Norm
0,923,2.155374962979727,3.02994316044964
1,1000,1.2296433838838932,2.364376826518518
2,67,0.8133091054692766,2.7470408275338882
3,18,0.44381882501569997,1.397197371106588
4,31,0.641132809955697,2.1386923813491308
5,102,0.8755950357709131,1.4321700705960556
6,167,0.9219544457292885,1.6703293088490065
7,16,0.4619397662556435,0.8660254037844386
8,171,0.923879532511287,1.7320508075688772
