Method,Iterations,Sparse Time,Compressed Time
Jacobi,8.6,0.00016942024230957032,0.0054682731628417965
GS,6.0,0.0072424888610839845,0.0038286685943603516
SGS,5.0,0.011989259719848632,0.005748653411865234
