Method,Iterations,Spectral Radius,G Norm,Time to Converge
Jacobi,69.8,0.8133091054692769,2.6407947527549123,0.0012269973754882812
GS,1000.0,1.1111111111111107,2.7497451724622533,0.014899492263793945
SGS,44.2,0.5791995908372038,0.590702612016331,0.00135498046875
