Matrix,Iterations,Spectral Radius,G Norm,Time to Converge
4,1000.0,2.9222381102830344,4.148990283234027,0.02039923667907715
4,13.0,0.5208333333333333,1.209500155022727,0.010396885871887206
4,45.0,0.5791995908372038,0.590702612016331,0.007302316029866537
4,5.0,0.009773662551440333,0.0457834984793737,0.005544900894165039
4,20.0,0.1892520185641683,0.500994065165091,0.004527959823608398
4,41.0,0.9943497383016474,1.0035205005687369,0.0039044618606567383
4,65.0,1.1823130043013756,1.1972520620153468,0.003534773417881557
4,7.0,0.09279930833671561,0.17189574810665142,0.00317838191986084
4,52.0,0.7423944666937254,0.990748525914403,0.0031707975599500867
