Method,Iterations,Spectral Radius,G Norm,Time to Converge
Jacobi,18.4,0.4619397662556435,0.8660254037844386,0.0003883838653564453
GS,11.6,0.21338834764831813,0.6322358912927825,0.0006640434265136718
SGS,7.2,0.09279930833671561,0.17189574810665142,0.0005662441253662109
