Method,Iterations,Sparse Time,Compressed Time
Jacobi,14.8,0.00036950111389160155,0.014522886276245118
GS,9.0,0.02161107063293457,0.010802412033081054
SGS,8.4,0.02652907371520996,0.011819934844970703
