Method,Iterations,Sparse Time,Compressed Time
Jacobi,11.6,0.00017457008361816407,0.014337110519409179
GS,6.8,0.020485353469848634,0.010004043579101562
SGS,5.8,0.03031291961669922,0.013574981689453125
