Method,Iterations,Spectral Radius,G Norm,Time to Converge
Jacobi,924.2,2.155374962979729,3.0299431604496405,0.011124515533447265
GS,1000.0,4.728351310533319,5.792865583341864,0.015038537979125976
SGS,1000.0,2.9222381102830344,4.148990283234027,0.017638015747070312
