Iteration,x_k,f(x_k)
1,1.83333,-0.00463
2,2.05556,0.00017
3,1.98148,-1e-05
4,2.00617,0.0
