Iteration,x_k,f(x_k)
1,2.5,0.0625
2,2.125,0.00024
3,2.03125,0.0
