Iteration,x_k,f(x_k)
1,-1.73624,1.71103
2,0.08191,-0.3271
3,-0.00083,0.00332
4,0.0,-0.0
