Iteration,x_k,f(x_k)
1,1.66957,0.44434
2,1.52938,0.06423
3,1.50112,0.00236
4,1.5,0.0
5,1.5,0.0
