Iteration,x_k,f(x_k)
1,1.77251,-1.52117
2,1.88553,-0.83863
3,2.0244,0.19876
4,1.99779,-0.01764
5,1.99996,-0.00032
6,2.0,0.0
