Iteration,x_k,f(x_k)
1,2.26581,25.69209
2,2.04048,3.33705
3,2.00117,0.09395
4,2.0,8e-05
5,2.0,0.0
