Iteration,x_k,f(x_k)
1,2.34783,3.55059
2,2.06461,0.54223
3,2.00291,0.02335
4,2.00001,5e-05
5,2.0,0.0
