Iteration,x_k,f(x_k)
1,2.34783,35.50588
2,2.06461,5.42234
3,2.00291,0.23346
4,2.00001,0.00051
5,2.0,0.0
